"age","income","length_Term","ownershipStatus","employment_length","loanIntent","loan_amount","bankruptcies","default"
48,21631,"Long Term","None",33,"Business",20583,"Yes",0
96,94146,"Short Term","Rent",36,"Education",41769,"No",0
68,26037,"Short Term","Rent",4,"Recreational",1187,"Yes",1
31,32888,"Short Term","None",6,"Recreational",27854,"Yes",1
84,35994,"Long Term","Mortgage",33,"Recreational",28949,"Yes",1
59,62525,"Short Term","None",35,"Other",28871,"No",0
67,140388,"Long Term","Own",39,"Recreational",37977,"No",0
60,35302,"Long Term","None",18,"Education",24619,"No",0
31,95983,"Short Term","Own",32,"Debt Consolidation",36251,"Yes",1
42,95286,"Long Term","Own",28,"Recreational",22470,"Yes",0
107,42231,"Short Term","None",19,"Business",45808,"Yes",1
108,46577,"Short Term","Mortgage",21,"Education",24120,"Yes",1
86,64936,"Long Term","Own",14,"Other",19858,"Yes",0
108,44509,"Long Term","Mortgage",10,"Recreational",13457,"No",0
74,86770,"Long Term","Rent",2,"Other",18585,"No",0
109,50380,"Long Term","None",23,"Other",27320,"Yes",1
26,143366,"Short Term","Rent",3,"Business",43391,"No",0
110,143423,"Long Term","Rent",32,"Debt Consolidation",17911,"No",0
89,99630,"Short Term","Mortgage",12,"Education",6603,"No",0
43,89523,"Long Term","Rent",30,"Other",11209,"Yes",0
24,85078,"Long Term","Own",5,"Education",8887,"Yes",1
59,48540,"Long Term","Rent",6,"Debt Consolidation",33187,"No",0
26,115760,"Long Term","None",38,"Debt Consolidation",3182,"Yes",0
100,63448,"Short Term","Mortgage",20,"Recreational",32818,"Yes",1
53,23490,"Long Term","Rent",24,"Education",42247,"No",1
95,100821,"Short Term","None",19,"Recreational",17085,"No",0
98,24045,"Long Term","None",4,"Recreational",18219,"No",1
60,101534,"Short Term","None",30,"Debt Consolidation",46227,"No",1
93,55868,"Short Term","None",32,"Education",9977,"Yes",0
32,25647,"Short Term","Mortgage",9,"Recreational",39858,"Yes",0
49,67343,"Short Term","Mortgage",14,"Other",41472,"No",0
24,60228,"Long Term","Own",28,"Education",21243,"Yes",0
26,97525,"Short Term","Own",20,"Recreational",30467,"No",1
58,124171,"Long Term","Mortgage",3,"Other",37278,"No",0
91,70645,"Long Term","Own",30,"Education",28962,"Yes",1
40,141613,"Long Term","None",17,"Debt Consolidation",35729,"No",0
44,112780,"Long Term","None",8,"Debt Consolidation",22398,"No",1
77,115859,"Long Term","Rent",31,"Other",29369,"Yes",1
70,50503,"Short Term","Mortgage",32,"Other",32421,"No",0
24,80638,"Long Term","Own",32,"Recreational",34772,"Yes",1
70,76998,"Short Term","None",26,"Recreational",12593,"No",0
44,72295,"Short Term","Rent",7,"Debt Consolidation",45976,"No",1
55,45357,"Long Term","Own",20,"Education",24117,"No",1
106,127840,"Long Term","Own",34,"Education",39442,"No",0
51,63033,"Long Term","Rent",27,"Recreational",36228,"Yes",1
110,95286,"Long Term","Mortgage",17,"Recreational",43126,"No",1
86,22750,"Long Term","None",23,"Debt Consolidation",44293,"Yes",0
89,68464,"Short Term","None",31,"Business",41448,"No",0
93,89670,"Short Term","Mortgage",36,"Recreational",18382,"Yes",1
80,52812,"Long Term","None",3,"Recreational",22984,"Yes",0
30,59243,"Short Term","Rent",31,"Business",44296,"No",0
99,132301,"Short Term","Mortgage",39,"Debt Consolidation",12452,"Yes",1
108,57691,"Long Term","Mortgage",15,"Recreational",28333,"Yes",1
42,35192,"Short Term","None",29,"Education",31692,"Yes",1
55,74920,"Long Term","Own",3,"Debt Consolidation",13309,"Yes",1
38,82845,"Long Term","None",9,"Education",43739,"Yes",1
96,138678,"Long Term","Mortgage",24,"Education",42982,"Yes",0
58,21701,"Short Term","None",18,"Debt Consolidation",21638,"No",1
64,80239,"Short Term","None",38,"Recreational",16212,"No",0
107,116839,"Long Term","Rent",24,"Business",18362,"Yes",1
77,65886,"Long Term","Mortgage",23,"Debt Consolidation",31545,"No",0
33,133576,"Short Term","Rent",37,"Debt Consolidation",35034,"No",0
23,115780,"Short Term","Own",18,"Other",47298,"Yes",1
89,116338,"Short Term","Mortgage",34,"Debt Consolidation",15515,"Yes",1
103,75439,"Long Term","Mortgage",39,"Other",24384,"Yes",1
103,135451,"Long Term","Own",13,"Debt Consolidation",46546,"Yes",1
56,140519,"Long Term","Mortgage",11,"Other",7432,"No",1
48,84973,"Short Term","None",18,"Other",49394,"Yes",1
98,68941,"Long Term","None",11,"Business",44792,"Yes",0
67,58151,"Short Term","None",5,"Recreational",1743,"No",1
51,20886,"Short Term","Own",1,"Business",14663,"No",0
21,40621,"Short Term","Mortgage",18,"Education",10984,"Yes",0
30,84960,"Short Term","None",11,"Debt Consolidation",47751,"No",0
86,62338,"Short Term","Rent",17,"Other",14719,"No",0
42,147010,"Short Term","Mortgage",28,"Business",28262,"Yes",1
69,115441,"Long Term","Rent",23,"Recreational",4561,"No",1
39,131115,"Long Term","Mortgage",20,"Recreational",34550,"No",1
106,123855,"Long Term","None",40,"Recreational",41038,"No",0
49,47929,"Long Term","Mortgage",18,"Debt Consolidation",44612,"Yes",1
42,115163,"Short Term","Mortgage",34,"Other",10344,"No",1
104,75340,"Long Term","Rent",16,"Debt Consolidation",17665,"Yes",0
52,113072,"Short Term","Mortgage",26,"Business",44977,"No",0
57,21362,"Long Term","Rent",10,"Debt Consolidation",38418,"No",0
47,113215,"Short Term","Own",31,"Business",37522,"Yes",1
29,131760,"Short Term","Own",39,"Recreational",37766,"No",1
48,67920,"Long Term","Mortgage",14,"Other",43062,"No",1
47,133458,"Long Term","None",14,"Business",44701,"Yes",0
81,88505,"Long Term","Rent",22,"Other",9333,"Yes",1
31,127730,"Short Term","Rent",7,"Business",37427,"Yes",0
110,74620,"Long Term","Rent",25,"Other",25529,"No",0
88,78925,"Short Term","Mortgage",38,"Debt Consolidation",38950,"No",0
84,112471,"Short Term","Mortgage",17,"Business",33351,"Yes",1
40,44495,"Long Term","Mortgage",37,"Education",23397,"No",1
96,146589,"Long Term","None",19,"Other",8913,"No",1
102,88659,"Short Term","None",21,"Education",11891,"No",1
54,41700,"Short Term","None",13,"Other",2107,"Yes",1
25,129859,"Short Term","Own",31,"Other",40943,"Yes",0
68,88999,"Short Term","None",5,"Education",29699,"Yes",1
91,59984,"Long Term","Mortgage",2,"Business",49451,"No",1
67,83556,"Long Term","None",1,"Business",40951,"Yes",0
91,52661,"Short Term","Mortgage",7,"Recreational",17626,"Yes",0
103,111116,"Long Term","Own",30,"Debt Consolidation",19348,"Yes",0
93,130269,"Short Term","Mortgage",24,"Other",7338,"No",1
101,45565,"Short Term","Own",28,"Debt Consolidation",15400,"Yes",1
63,137440,"Short Term","Mortgage",27,"Recreational",8077,"Yes",0
34,139086,"Short Term","Rent",28,"Education",1882,"Yes",0
79,118374,"Long Term","Rent",0,"Business",18721,"Yes",0
63,27841,"Long Term","Mortgage",30,"Business",46005,"No",0
71,91677,"Short Term","Rent",24,"Business",41117,"Yes",1
52,38126,"Short Term","Own",39,"Other",18497,"Yes",0
96,71602,"Short Term","Mortgage",5,"Other",17212,"Yes",0
41,87181,"Long Term","Rent",19,"Other",41004,"No",0
104,87477,"Long Term","Mortgage",27,"Education",47322,"No",1
24,102354,"Long Term","Own",9,"Education",28594,"Yes",0
110,128354,"Long Term","Own",4,"Recreational",26554,"Yes",1
96,31827,"Short Term","Mortgage",12,"Recreational",44277,"Yes",1
40,73240,"Short Term","Mortgage",8,"Debt Consolidation",17912,"Yes",1
43,61325,"Long Term","Mortgage",28,"Debt Consolidation",7446,"No",0
49,113864,"Short Term","None",31,"Education",37413,"No",0
24,72006,"Short Term","None",33,"Other",2728,"No",0
44,62672,"Short Term","None",11,"Education",47829,"No",1
59,107020,"Long Term","Rent",29,"Other",27960,"No",1
22,58757,"Long Term","Mortgage",9,"Business",10351,"Yes",0
87,134121,"Long Term","None",40,"Business",8434,"No",1
33,127425,"Short Term","Own",9,"Business",36907,"Yes",1
41,36729,"Short Term","Mortgage",9,"Education",3584,"Yes",0
49,138212,"Short Term","Own",24,"Education",14344,"Yes",1
38,142914,"Short Term","Own",9,"Debt Consolidation",44015,"Yes",0
72,125436,"Short Term","Rent",25,"Other",33054,"No",1
92,122058,"Long Term","None",6,"Business",48565,"No",1
53,116328,"Long Term","Own",16,"Education",19396,"Yes",0
100,59901,"Long Term","None",30,"Recreational",13351,"No",1
106,114182,"Short Term","Own",40,"Education",48908,"No",1
56,20397,"Long Term","Own",31,"Recreational",38495,"Yes",0
71,23850,"Long Term","Mortgage",22,"Other",39434,"Yes",0
107,116275,"Long Term","Rent",37,"Business",44668,"No",0
26,58123,"Short Term","None",34,"Education",39292,"Yes",1
88,125451,"Short Term","Own",3,"Other",47011,"Yes",0
65,72056,"Short Term","Mortgage",38,"Education",8204,"No",0
94,47723,"Long Term","Mortgage",3,"Recreational",44804,"No",1
100,143714,"Long Term","Mortgage",35,"Business",33548,"Yes",1
73,97227,"Long Term","Mortgage",22,"Other",23157,"Yes",1
56,92970,"Long Term","None",32,"Debt Consolidation",47083,"Yes",1
85,27178,"Short Term","None",6,"Education",32654,"Yes",0
18,70531,"Short Term","None",17,"Debt Consolidation",47034,"Yes",0
57,116138,"Long Term","Own",39,"Other",22259,"Yes",0
47,71457,"Long Term","None",36,"Debt Consolidation",17773,"No",1
106,45851,"Long Term","Own",0,"Debt Consolidation",21832,"No",1
33,103686,"Short Term","Own",34,"Other",9446,"No",1
105,108886,"Long Term","Rent",6,"Education",38604,"Yes",0
71,87631,"Short Term","None",0,"Other",44974,"No",0
92,93470,"Short Term","Rent",28,"Business",6126,"Yes",0
65,90428,"Short Term","Rent",29,"Debt Consolidation",40273,"No",1
37,141512,"Long Term","None",6,"Debt Consolidation",23068,"No",0
84,38031,"Short Term","Own",39,"Debt Consolidation",3352,"Yes",0
110,71450,"Long Term","Mortgage",12,"Education",20616,"Yes",0
53,81295,"Long Term","Own",1,"Business",5371,"No",0
69,47784,"Long Term","None",21,"Recreational",37669,"No",1
39,60091,"Short Term","Own",12,"Business",1537,"No",0
66,22619,"Short Term","None",15,"Education",18028,"Yes",0
59,33532,"Long Term","Mortgage",38,"Business",5658,"No",1
76,54236,"Long Term","None",28,"Business",21641,"Yes",0
101,60472,"Long Term","None",0,"Business",40895,"Yes",1
28,34667,"Short Term","None",38,"Recreational",46978,"No",0
72,106726,"Long Term","Own",13,"Business",35590,"Yes",1
25,54446,"Long Term","Rent",32,"Debt Consolidation",6028,"Yes",0
63,68633,"Long Term","Mortgage",33,"Business",48106,"Yes",0
102,117623,"Long Term","Rent",12,"Education",15644,"Yes",0
83,37034,"Short Term","Rent",2,"Recreational",2151,"Yes",0
94,141376,"Long Term","Rent",26,"Education",6330,"No",0
63,82056,"Short Term","None",23,"Other",41242,"No",0
87,51991,"Short Term","None",16,"Other",15096,"Yes",0
89,66729,"Long Term","None",18,"Other",1006,"Yes",1
61,115761,"Long Term","None",24,"Debt Consolidation",48576,"No",0
49,140933,"Long Term","Own",19,"Recreational",47847,"Yes",1
53,28113,"Short Term","Rent",34,"Education",28982,"No",0
62,84870,"Short Term","Own",13,"Business",15765,"Yes",0
31,103432,"Long Term","Own",10,"Other",6059,"Yes",0
33,90274,"Long Term","None",3,"Education",19521,"Yes",1
104,43778,"Short Term","Own",20,"Debt Consolidation",24232,"Yes",0
50,56589,"Short Term","None",17,"Business",12465,"No",1
57,147649,"Short Term","Rent",21,"Recreational",10505,"No",0
57,139203,"Short Term","Rent",35,"Other",20609,"Yes",0
27,122016,"Short Term","Own",38,"Recreational",42593,"Yes",1
106,90932,"Long Term","None",2,"Education",40472,"No",1
89,98199,"Short Term","Own",29,"Other",44889,"Yes",1
99,48517,"Long Term","Own",39,"Recreational",21413,"Yes",0
26,85186,"Short Term","Mortgage",22,"Debt Consolidation",47973,"No",1
24,87595,"Short Term","Own",33,"Debt Consolidation",37509,"No",0
24,77080,"Long Term","Mortgage",16,"Business",37494,"Yes",0
75,105132,"Long Term","Own",10,"Recreational",16742,"Yes",1
78,147935,"Short Term","Mortgage",6,"Recreational",26676,"No",1
91,28343,"Short Term","Own",27,"Recreational",38582,"Yes",0
41,56510,"Long Term","Own",33,"Recreational",41836,"Yes",0
80,94433,"Long Term","Own",5,"Recreational",1505,"No",1
71,139070,"Short Term","Own",11,"Business",8185,"No",0
40,146554,"Long Term","None",12,"Business",11278,"No",1
43,83861,"Short Term","None",11,"Recreational",40694,"Yes",0
50,71606,"Long Term","None",12,"Debt Consolidation",49256,"No",0
74,148932,"Long Term","Rent",0,"Business",6333,"Yes",0
46,78569,"Long Term","Own",39,"Recreational",13057,"Yes",1
27,49330,"Short Term","None",39,"Debt Consolidation",8571,"No",0
70,130318,"Short Term","Mortgage",35,"Education",18172,"Yes",0
71,30847,"Short Term","Mortgage",24,"Other",30746,"No",0
94,113489,"Short Term","Mortgage",31,"Education",25478,"Yes",0
28,143794,"Long Term","Mortgage",8,"Other",15640,"No",0
42,131794,"Long Term","Own",3,"Other",41335,"No",1
69,64321,"Long Term","Rent",32,"Debt Consolidation",18786,"Yes",1
43,29804,"Long Term","Own",21,"Other",11537,"No",0
24,103411,"Long Term","Own",4,"Debt Consolidation",25425,"No",0
42,100101,"Long Term","Own",10,"Recreational",48599,"Yes",0
104,62840,"Long Term","Rent",24,"Other",11557,"No",1
107,30548,"Short Term","Mortgage",26,"Recreational",40354,"No",1
49,132260,"Long Term","Own",15,"Other",2098,"Yes",1
101,28658,"Short Term","Mortgage",25,"Debt Consolidation",9562,"Yes",0
41,148861,"Short Term","Rent",11,"Recreational",17486,"Yes",0
74,64397,"Long Term","Mortgage",34,"Education",32145,"No",1
90,35836,"Short Term","Own",22,"Other",8931,"Yes",0
40,124545,"Long Term","Rent",35,"Education",4356,"Yes",1
31,43740,"Long Term","None",38,"Education",28168,"No",0
23,62253,"Long Term","Mortgage",4,"Business",46567,"Yes",1
108,124608,"Short Term","Rent",16,"Education",11767,"Yes",1
18,95711,"Short Term","Mortgage",32,"Business",37316,"Yes",0
107,99585,"Short Term","Rent",35,"Recreational",28250,"No",0
75,60485,"Long Term","Rent",16,"Business",31457,"No",1
98,82219,"Long Term","None",17,"Education",31279,"No",0
46,76423,"Long Term","Own",19,"Debt Consolidation",38872,"No",0
43,37440,"Short Term","Rent",8,"Business",49018,"No",0
44,137674,"Short Term","Own",1,"Other",17966,"Yes",1
102,117034,"Long Term","Rent",25,"Debt Consolidation",15331,"Yes",0
24,126064,"Long Term","Rent",2,"Business",37702,"No",0
77,125035,"Short Term","Mortgage",4,"Business",9594,"No",1
43,85207,"Long Term","Rent",21,"Other",41103,"No",1
58,93266,"Short Term","None",31,"Education",43187,"Yes",1
101,55402,"Short Term","None",25,"Business",28585,"No",1
23,22460,"Short Term","Own",0,"Business",21744,"No",1
48,132875,"Long Term","None",5,"Business",16678,"No",0
110,76596,"Short Term","None",8,"Education",8150,"No",1
34,80677,"Short Term","None",20,"Recreational",46876,"Yes",0
81,21776,"Long Term","Rent",21,"Business",30598,"Yes",0
54,128797,"Long Term","Mortgage",39,"Business",8449,"No",0
74,147432,"Short Term","Own",17,"Other",13747,"No",1
37,42244,"Long Term","None",24,"Debt Consolidation",12427,"No",1
52,112798,"Long Term","None",10,"Recreational",45183,"No",0
106,117348,"Short Term","Rent",19,"Other",26645,"Yes",1
50,62103,"Short Term","Rent",26,"Other",33342,"No",0
83,134493,"Long Term","None",8,"Education",21052,"Yes",0
21,79389,"Long Term","Own",36,"Recreational",20322,"Yes",1
91,115811,"Long Term","Own",9,"Recreational",13426,"Yes",0
22,123402,"Long Term","Rent",35,"Education",32153,"No",0
42,63699,"Short Term","Own",17,"Business",14134,"No",0
25,123209,"Long Term","Own",34,"Other",32366,"Yes",1
72,91418,"Long Term","None",19,"Debt Consolidation",44183,"Yes",0
106,52842,"Long Term","Mortgage",10,"Other",3397,"Yes",0
102,112564,"Long Term","Rent",39,"Debt Consolidation",22628,"Yes",1
62,52479,"Long Term","Own",26,"Other",41771,"No",1
35,104050,"Short Term","Own",34,"Debt Consolidation",33006,"No",1
59,36128,"Short Term","Rent",16,"Business",8407,"Yes",1
48,100971,"Long Term","Mortgage",33,"Recreational",44029,"No",0
23,112738,"Short Term","None",18,"Recreational",32910,"No",1
88,145459,"Long Term","Mortgage",22,"Debt Consolidation",43456,"No",0
78,141433,"Long Term","None",34,"Education",13649,"No",1
65,109091,"Short Term","None",28,"Recreational",24056,"Yes",1
34,88544,"Short Term","Mortgage",27,"Business",47813,"No",0
62,33052,"Long Term","None",12,"Debt Consolidation",25748,"Yes",1
109,41204,"Short Term","Mortgage",17,"Education",3824,"No",1
80,121008,"Short Term","None",19,"Education",1249,"No",0
70,36632,"Long Term","None",25,"Debt Consolidation",3400,"Yes",0
70,84068,"Long Term","None",33,"Business",36900,"No",1
80,45736,"Short Term","None",34,"Other",1323,"No",0
88,27365,"Short Term","Own",37,"Debt Consolidation",1278,"Yes",1
101,49086,"Long Term","Mortgage",5,"Education",42103,"No",0
99,30312,"Short Term","Rent",26,"Debt Consolidation",40735,"Yes",1
110,56834,"Long Term","None",8,"Other",32188,"No",0
34,58821,"Long Term","Mortgage",36,"Education",27589,"No",1
19,127408,"Long Term","Rent",13,"Recreational",36473,"No",1
66,23435,"Short Term","Own",17,"Recreational",19324,"Yes",1
19,58492,"Long Term","None",2,"Education",13304,"No",0
30,126292,"Short Term","Mortgage",20,"Business",3495,"Yes",0
41,90624,"Short Term","None",3,"Debt Consolidation",31818,"Yes",1
66,139950,"Long Term","Own",30,"Business",4718,"Yes",0
84,71349,"Long Term","None",16,"Recreational",21756,"Yes",0
99,122384,"Long Term","Rent",15,"Debt Consolidation",8772,"No",1
19,119525,"Long Term","Rent",21,"Debt Consolidation",36364,"No",1
54,55289,"Long Term","Rent",30,"Education",13630,"No",0
80,54590,"Long Term","Rent",18,"Recreational",2097,"Yes",1
93,87650,"Long Term","Mortgage",16,"Debt Consolidation",28434,"No",1
30,23103,"Long Term","Rent",30,"Debt Consolidation",9796,"Yes",0
59,50742,"Long Term","Own",34,"Business",20105,"No",0
78,103925,"Short Term","Own",24,"Debt Consolidation",41966,"Yes",1
87,119734,"Short Term","Rent",13,"Education",31547,"No",1
55,21138,"Long Term","Rent",14,"Other",34364,"Yes",0
81,24389,"Long Term","Own",22,"Recreational",11095,"No",1
97,94405,"Short Term","None",33,"Education",28035,"No",0
53,140451,"Long Term","Own",9,"Education",6870,"No",0
108,94448,"Long Term","Rent",9,"Business",18628,"No",0
108,99429,"Long Term","Mortgage",17,"Debt Consolidation",33575,"Yes",0
52,120390,"Short Term","Own",4,"Debt Consolidation",29410,"No",1
104,110010,"Long Term","Mortgage",36,"Debt Consolidation",20213,"Yes",0
84,122118,"Short Term","Rent",8,"Education",8524,"Yes",1
65,28544,"Long Term","Rent",28,"Education",34707,"No",0
83,44903,"Short Term","None",2,"Business",44609,"Yes",0
40,39835,"Long Term","Own",25,"Business",30917,"Yes",1
84,146797,"Long Term","None",27,"Debt Consolidation",17064,"Yes",1
26,100006,"Short Term","Own",13,"Debt Consolidation",8021,"Yes",0
78,50624,"Long Term","Rent",11,"Education",41585,"No",1
56,136942,"Short Term","Mortgage",13,"Debt Consolidation",27374,"Yes",1
48,29495,"Short Term","Mortgage",20,"Other",12953,"No",0
90,82328,"Long Term","Own",9,"Business",10353,"Yes",0
53,134714,"Long Term","Rent",20,"Education",28573,"Yes",1
39,94800,"Long Term","Own",4,"Business",31912,"No",1
61,129792,"Long Term","Rent",23,"Business",3609,"Yes",1
58,112769,"Short Term","Rent",17,"Debt Consolidation",48053,"Yes",1
109,60825,"Short Term","Mortgage",9,"Debt Consolidation",11782,"No",0
110,50418,"Short Term","Own",7,"Recreational",25057,"Yes",1
60,76217,"Long Term","Rent",31,"Business",34128,"No",0
56,91324,"Long Term","Mortgage",8,"Other",33567,"Yes",1
54,105237,"Long Term","Own",4,"Other",30108,"Yes",0
50,46319,"Short Term","None",39,"Recreational",11701,"Yes",0
100,30464,"Long Term","Own",25,"Education",42878,"No",0
29,29776,"Long Term","None",0,"Other",41915,"No",0
38,117833,"Short Term","None",15,"Other",21482,"Yes",1
98,49322,"Long Term","Rent",31,"Education",48105,"Yes",0
93,20353,"Long Term","Mortgage",0,"Business",42334,"Yes",0
52,75768,"Long Term","Rent",12,"Debt Consolidation",45183,"No",0
47,59229,"Short Term","None",18,"Recreational",45502,"No",0
106,134910,"Short Term","Rent",18,"Debt Consolidation",27045,"Yes",0
67,106995,"Short Term","Mortgage",27,"Education",42600,"Yes",0
64,85384,"Short Term","None",25,"Other",14337,"No",1
84,27305,"Long Term","Mortgage",21,"Other",39611,"No",1
99,64595,"Long Term","Own",33,"Debt Consolidation",17971,"Yes",1
98,47285,"Short Term","Own",11,"Recreational",33356,"No",0
59,123166,"Long Term","Rent",25,"Recreational",30299,"No",1
57,124202,"Long Term","Mortgage",39,"Recreational",14257,"No",0
59,92318,"Long Term","Rent",24,"Debt Consolidation",37098,"No",0
43,125670,"Long Term","None",28,"Recreational",27004,"No",0
30,82906,"Short Term","Mortgage",17,"Business",18199,"Yes",1
37,114033,"Long Term","None",14,"Recreational",42364,"No",0
37,48527,"Long Term","Own",2,"Debt Consolidation",47197,"Yes",0
110,80229,"Long Term","Own",7,"Debt Consolidation",35375,"No",1
101,138981,"Long Term","Mortgage",36,"Other",41176,"Yes",0
58,88788,"Long Term","Rent",3,"Education",35329,"Yes",0
25,58692,"Long Term","Mortgage",6,"Other",40384,"No",0
56,82317,"Short Term","Own",39,"Other",41763,"Yes",0
91,145927,"Short Term","Rent",31,"Business",45558,"Yes",1
98,128969,"Long Term","Own",2,"Education",4918,"Yes",1
80,70109,"Short Term","Own",10,"Recreational",12599,"No",0
99,93116,"Long Term","Rent",8,"Business",39561,"No",1
28,60498,"Long Term","Rent",2,"Business",39805,"No",1
19,96672,"Long Term","Rent",5,"Other",17346,"No",1
36,106734,"Short Term","None",16,"Business",23299,"Yes",1
94,139620,"Short Term","None",1,"Business",32389,"No",0
30,28374,"Long Term","Mortgage",10,"Business",11199,"No",1
48,59664,"Long Term","None",34,"Other",33122,"Yes",1
47,129169,"Long Term","None",38,"Recreational",31632,"Yes",0
39,119738,"Short Term","Own",33,"Other",28097,"Yes",0
91,83293,"Short Term","Mortgage",33,"Business",43658,"Yes",1
33,30047,"Long Term","Own",33,"Education",31928,"Yes",1
86,67696,"Long Term","Rent",27,"Other",21908,"Yes",0
53,50445,"Short Term","Mortgage",8,"Recreational",21777,"No",0
67,46025,"Short Term","Rent",36,"Recreational",19956,"Yes",0
50,64479,"Short Term","None",5,"Other",19899,"Yes",0
97,30077,"Long Term","None",3,"Recreational",20800,"No",0
45,26194,"Long Term","Own",14,"Education",17215,"No",1
66,105883,"Short Term","Mortgage",30,"Business",13195,"Yes",0
29,82920,"Short Term","Rent",9,"Education",40614,"No",0
70,54225,"Long Term","Own",18,"Recreational",35521,"Yes",0
45,61277,"Short Term","Rent",7,"Recreational",11560,"No",1
83,113370,"Short Term","Rent",2,"Debt Consolidation",18026,"No",0
67,130165,"Short Term","Own",6,"Business",42679,"No",1
93,96718,"Short Term","Mortgage",40,"Education",3111,"Yes",1
64,142981,"Long Term","Mortgage",2,"Recreational",14584,"No",0
68,132763,"Long Term","Rent",3,"Business",35659,"Yes",0
23,99297,"Long Term","Rent",12,"Education",31406,"No",1
97,54193,"Long Term","Rent",38,"Education",20641,"Yes",1
32,70010,"Long Term","Mortgage",11,"Recreational",31334,"No",1
36,66627,"Short Term","Own",6,"Other",16822,"Yes",0
76,81002,"Short Term","Rent",12,"Business",18964,"Yes",1
20,37690,"Long Term","Mortgage",6,"Recreational",28858,"Yes",1
50,76873,"Short Term","None",5,"Other",43099,"Yes",1
65,75707,"Short Term","None",7,"Education",39898,"Yes",0
92,48538,"Long Term","Mortgage",29,"Debt Consolidation",25163,"No",0
62,96319,"Short Term","Own",31,"Debt Consolidation",16471,"Yes",0
27,29046,"Long Term","Own",35,"Education",29726,"Yes",0
59,64331,"Short Term","Mortgage",3,"Recreational",30492,"No",0
41,50909,"Long Term","None",40,"Recreational",28084,"Yes",0
109,83071,"Long Term","Rent",13,"Education",17883,"No",1
35,131655,"Long Term","None",33,"Other",47945,"No",0
98,43263,"Long Term","None",6,"Debt Consolidation",4232,"Yes",1
101,29997,"Short Term","Own",11,"Education",9984,"No",1
76,103895,"Long Term","Mortgage",2,"Other",11048,"No",1
26,127096,"Long Term","None",27,"Debt Consolidation",34484,"No",0
70,41365,"Long Term","Rent",32,"Business",13301,"Yes",0
28,65642,"Short Term","None",26,"Education",24247,"Yes",0
25,44186,"Long Term","Rent",30,"Recreational",10953,"Yes",0
22,50013,"Short Term","Mortgage",40,"Business",32318,"No",0
46,35239,"Long Term","Mortgage",35,"Debt Consolidation",36398,"No",0
67,83675,"Short Term","Own",40,"Other",24099,"No",1
87,61306,"Short Term","Rent",0,"Recreational",2592,"Yes",1
91,58744,"Short Term","Rent",8,"Other",22893,"No",1
43,88507,"Short Term","Own",34,"Debt Consolidation",2274,"No",0
90,134380,"Short Term","Own",38,"Business",15301,"No",0
28,30027,"Long Term","None",23,"Debt Consolidation",44194,"Yes",0
23,32210,"Long Term","Mortgage",35,"Other",19375,"Yes",0
93,73790,"Short Term","None",15,"Other",8799,"Yes",1
100,106860,"Short Term","Mortgage",12,"Business",5781,"No",0
108,22634,"Short Term","Own",37,"Education",11394,"No",1
73,83021,"Short Term","None",16,"Education",42533,"Yes",1
44,20571,"Long Term","Mortgage",21,"Recreational",3009,"Yes",1
85,132500,"Long Term","Own",34,"Recreational",48348,"Yes",0
105,75409,"Long Term","None",3,"Other",41192,"Yes",0
45,102839,"Short Term","Rent",2,"Recreational",7330,"No",1
84,64012,"Long Term","Own",36,"Business",30023,"Yes",0
57,129426,"Long Term","Own",34,"Education",3039,"No",0
23,141305,"Short Term","Rent",2,"Debt Consolidation",33034,"Yes",0
53,64947,"Long Term","Mortgage",11,"Recreational",29252,"Yes",1
72,111964,"Short Term","Mortgage",16,"Recreational",27020,"Yes",0
65,139286,"Short Term","Own",31,"Business",18572,"No",0
27,71663,"Short Term","Rent",35,"Education",13865,"Yes",0
42,31435,"Short Term","None",21,"Education",44665,"Yes",1
55,90820,"Short Term","Mortgage",10,"Education",13821,"No",1
42,56940,"Long Term","Own",20,"Other",29378,"Yes",0
21,45693,"Long Term","None",9,"Recreational",12158,"No",1
96,96164,"Long Term","Mortgage",6,"Business",13093,"No",1
69,54959,"Long Term","Mortgage",33,"Education",18704,"Yes",0
39,91658,"Short Term","Rent",12,"Business",48642,"Yes",1
41,56965,"Long Term","Mortgage",25,"Education",44275,"No",0
56,102969,"Long Term","None",0,"Other",14157,"No",0
64,139980,"Long Term","Own",20,"Other",6849,"No",1
77,97321,"Long Term","Rent",12,"Recreational",47604,"No",0
80,141562,"Long Term","Mortgage",14,"Education",18940,"No",0
54,72124,"Short Term","None",17,"Business",19031,"No",1
63,116470,"Long Term","None",40,"Recreational",1824,"Yes",0
71,41301,"Short Term","Own",23,"Recreational",33963,"No",0
64,81761,"Short Term","Mortgage",15,"Recreational",34808,"Yes",0
96,21471,"Long Term","Rent",25,"Business",48956,"No",1
33,37042,"Long Term","Mortgage",25,"Recreational",47499,"Yes",1
36,90476,"Long Term","Rent",19,"Business",24404,"Yes",1
89,80197,"Long Term","Rent",12,"Other",5616,"No",0
48,113348,"Long Term","Mortgage",7,"Debt Consolidation",31060,"No",1
54,105190,"Long Term","None",8,"Education",28395,"Yes",1
65,51460,"Long Term","Mortgage",40,"Debt Consolidation",2222,"Yes",1
77,41535,"Long Term","Rent",6,"Other",35607,"Yes",0
79,60492,"Short Term","None",33,"Education",47479,"No",0
97,89362,"Short Term","None",37,"Recreational",15949,"No",1
26,65091,"Short Term","Mortgage",0,"Recreational",7407,"Yes",0
28,115793,"Short Term","None",36,"Debt Consolidation",37440,"No",1
60,130119,"Long Term","Mortgage",7,"Recreational",36787,"Yes",0
47,96215,"Long Term","None",23,"Education",26315,"No",0
78,30037,"Long Term","Mortgage",19,"Education",37321,"Yes",0
91,35992,"Short Term","Mortgage",8,"Debt Consolidation",26988,"No",0
72,34499,"Short Term","Own",0,"Recreational",48150,"Yes",0
78,144717,"Long Term","None",33,"Business",22586,"No",0
51,147326,"Short Term","None",1,"Education",39772,"Yes",0
74,114218,"Short Term","None",27,"Recreational",38832,"Yes",1
55,109117,"Long Term","Rent",9,"Education",4855,"No",0
101,44317,"Long Term","Mortgage",29,"Education",31921,"No",0
80,120112,"Short Term","Rent",0,"Business",33355,"No",1
63,55297,"Long Term","Mortgage",15,"Business",22728,"No",0
95,125781,"Short Term","None",20,"Education",41958,"Yes",0
87,100453,"Short Term","Mortgage",7,"Recreational",25709,"Yes",0
35,98546,"Long Term","Rent",7,"Recreational",24697,"No",0
19,143493,"Short Term","Mortgage",33,"Debt Consolidation",11557,"No",1
89,39112,"Short Term","Rent",31,"Debt Consolidation",41093,"Yes",1
92,126107,"Long Term","Rent",6,"Other",14150,"Yes",0
38,116815,"Long Term","Mortgage",38,"Recreational",15612,"Yes",0
74,31080,"Long Term","Mortgage",15,"Education",46280,"No",1
88,67366,"Short Term","Rent",11,"Business",31064,"No",1
104,57271,"Short Term","Mortgage",10,"Education",20747,"No",1
89,145777,"Short Term","Own",0,"Other",39960,"Yes",0
76,121367,"Short Term","Rent",0,"Debt Consolidation",13726,"No",0
91,109791,"Short Term","Rent",12,"Education",28535,"No",0
54,125487,"Long Term","Mortgage",29,"Education",15428,"Yes",1
98,93262,"Long Term","None",0,"Debt Consolidation",27992,"No",0
72,98748,"Short Term","Rent",4,"Debt Consolidation",15471,"Yes",0
23,65552,"Short Term","Own",33,"Other",43347,"No",1
57,109752,"Long Term","Mortgage",19,"Business",45801,"Yes",1
23,116580,"Long Term","Own",0,"Business",35392,"Yes",1
45,49762,"Long Term","Own",3,"Education",24519,"Yes",0
49,102423,"Short Term","Own",21,"Recreational",2896,"Yes",0
66,21426,"Short Term","Rent",3,"Other",27592,"No",0
109,61706,"Short Term","None",21,"Recreational",16298,"Yes",1
101,136448,"Short Term","Rent",24,"Recreational",49222,"Yes",0
82,92007,"Short Term","Mortgage",19,"Other",27608,"Yes",1
86,81006,"Long Term","Mortgage",35,"Debt Consolidation",26103,"No",0
92,62594,"Short Term","None",9,"Recreational",48907,"No",0
64,79647,"Short Term","None",0,"Business",13662,"Yes",0
37,31091,"Short Term","None",25,"Recreational",41872,"No",1
19,57108,"Long Term","Own",23,"Debt Consolidation",32212,"Yes",0
79,115693,"Long Term","None",20,"Education",12898,"No",1
80,71046,"Long Term","Rent",35,"Recreational",36584,"No",1
79,104040,"Short Term","Own",39,"Other",23753,"No",1
27,118040,"Short Term","None",25,"Debt Consolidation",1099,"Yes",1
76,22467,"Long Term","Rent",15,"Education",36492,"No",1
66,34312,"Long Term","Mortgage",1,"Debt Consolidation",27762,"Yes",0
24,121564,"Long Term","Mortgage",31,"Debt Consolidation",16153,"Yes",1
78,101264,"Short Term","Own",29,"Debt Consolidation",22593,"No",1
55,117165,"Long Term","Rent",25,"Recreational",15551,"No",1
53,106502,"Short Term","None",13,"Education",35444,"No",1
40,133249,"Short Term","None",32,"Debt Consolidation",37103,"Yes",1
51,143122,"Long Term","Mortgage",7,"Debt Consolidation",14752,"Yes",0
105,98996,"Short Term","Rent",30,"Debt Consolidation",42486,"Yes",0
21,110400,"Short Term","Own",35,"Debt Consolidation",15144,"No",0
71,80622,"Short Term","Own",13,"Business",49757,"Yes",1
46,86449,"Long Term","None",28,"Recreational",29679,"Yes",1
75,110082,"Long Term","None",17,"Business",10279,"Yes",1
104,149795,"Long Term","None",32,"Business",4733,"Yes",1
92,84609,"Long Term","Rent",23,"Business",46314,"Yes",1
73,122381,"Short Term","None",30,"Business",7682,"No",0
68,98243,"Short Term","None",4,"Other",26639,"No",1
67,57074,"Short Term","Rent",22,"Business",45667,"No",1
65,36839,"Short Term","Own",33,"Other",28320,"No",1
20,80742,"Short Term","Own",21,"Recreational",5353,"No",0
50,99297,"Long Term","Rent",23,"Education",20102,"No",1
51,127832,"Long Term","Mortgage",25,"Other",12697,"No",1
83,133529,"Short Term","Own",18,"Other",36800,"No",0
81,34704,"Long Term","Mortgage",20,"Recreational",20477,"No",0
57,72609,"Short Term","Own",24,"Other",11035,"Yes",0
75,34893,"Short Term","Rent",39,"Debt Consolidation",12436,"Yes",0
37,68216,"Short Term","Mortgage",37,"Business",22231,"No",0
95,76597,"Long Term","Mortgage",22,"Other",29304,"No",0
42,30581,"Long Term","None",32,"Other",26109,"No",0
88,76758,"Short Term","None",16,"Debt Consolidation",30070,"No",0
57,40462,"Long Term","None",40,"Debt Consolidation",48462,"No",1
78,125890,"Short Term","Rent",7,"Education",36789,"Yes",1
39,123545,"Short Term","Mortgage",18,"Other",45641,"Yes",0
97,107465,"Long Term","Mortgage",1,"Education",22426,"Yes",1
103,125230,"Long Term","None",38,"Recreational",8769,"Yes",1
110,27160,"Long Term","Own",5,"Debt Consolidation",31562,"Yes",0
73,49219,"Long Term","Mortgage",33,"Recreational",8440,"No",1
50,72136,"Short Term","Mortgage",38,"Other",22267,"No",0
81,20973,"Short Term","Rent",0,"Recreational",22539,"Yes",0
70,24481,"Long Term","Mortgage",27,"Recreational",24345,"No",0
48,28036,"Long Term","Own",9,"Recreational",2426,"No",0
63,89207,"Long Term","Rent",39,"Debt Consolidation",13175,"Yes",1
89,63424,"Long Term","Mortgage",37,"Business",28118,"No",1
41,30510,"Short Term","Rent",9,"Recreational",28579,"No",1
77,86532,"Short Term","Rent",31,"Recreational",26776,"No",1
47,37162,"Short Term","Mortgage",14,"Business",29824,"No",0
40,108344,"Short Term","None",12,"Debt Consolidation",32485,"Yes",0
34,138241,"Long Term","None",18,"Recreational",19748,"Yes",1
107,94373,"Long Term","Own",30,"Recreational",46107,"No",1
76,143026,"Long Term","Rent",1,"Debt Consolidation",36343,"No",0
74,128450,"Long Term","Rent",34,"Education",28330,"No",0
60,127574,"Short Term","Own",22,"Other",12129,"Yes",0
40,98444,"Short Term","Rent",16,"Business",2900,"Yes",1
107,149409,"Short Term","None",8,"Debt Consolidation",24853,"No",1
62,114028,"Short Term","None",3,"Recreational",8821,"No",1
25,22228,"Short Term","Own",31,"Business",7569,"Yes",0
96,113010,"Short Term","None",36,"Other",18358,"Yes",0
53,21738,"Long Term","Mortgage",17,"Recreational",5353,"No",0
84,110314,"Long Term","Rent",28,"Education",19238,"No",1
56,42048,"Short Term","None",13,"Recreational",28248,"No",0
50,69304,"Short Term","None",11,"Business",10388,"No",0
55,140824,"Short Term","Own",17,"Business",8375,"Yes",0
107,100864,"Long Term","Rent",0,"Education",42658,"Yes",0
45,137303,"Short Term","Mortgage",40,"Other",48324,"Yes",0
107,146014,"Short Term","Rent",38,"Business",31545,"Yes",0
98,34187,"Short Term","Own",6,"Recreational",45189,"No",0
104,102383,"Short Term","Mortgage",32,"Other",43670,"Yes",0
70,134190,"Short Term","Rent",12,"Education",34693,"No",1
27,123063,"Long Term","Mortgage",17,"Debt Consolidation",27434,"Yes",0
58,131963,"Long Term","Mortgage",5,"Recreational",28020,"No",1
25,145825,"Long Term","Rent",36,"Recreational",31688,"No",0
18,128177,"Long Term","Own",20,"Other",27349,"No",1
97,75937,"Short Term","Rent",17,"Education",13925,"No",0
83,133595,"Short Term","Rent",20,"Other",47109,"Yes",0
95,63759,"Long Term","Mortgage",7,"Business",45426,"Yes",0
29,128152,"Short Term","None",26,"Recreational",17978,"Yes",0
107,79094,"Short Term","Mortgage",36,"Other",19738,"No",0
89,30361,"Long Term","Rent",13,"Other",42951,"Yes",1
58,94353,"Short Term","Mortgage",19,"Debt Consolidation",8565,"Yes",0
25,67386,"Short Term","Mortgage",27,"Education",43967,"Yes",1
74,115182,"Long Term","None",25,"Debt Consolidation",21302,"Yes",0
90,120237,"Long Term","None",24,"Business",40050,"Yes",0
69,136047,"Short Term","Own",13,"Recreational",43095,"Yes",1
84,70748,"Short Term","None",17,"Other",34653,"Yes",0
57,111514,"Short Term","Own",37,"Debt Consolidation",12691,"No",1
19,44727,"Long Term","Own",21,"Business",23036,"Yes",1
82,54690,"Short Term","None",0,"Business",41377,"No",0
90,141642,"Long Term","Rent",12,"Recreational",8001,"Yes",1
24,129114,"Short Term","None",38,"Business",1068,"Yes",0
94,146095,"Long Term","None",34,"Business",36353,"Yes",1
46,52568,"Short Term","Mortgage",0,"Other",23147,"No",0
37,142542,"Long Term","Rent",13,"Education",14430,"Yes",0
95,73174,"Short Term","Own",17,"Business",3974,"Yes",1
97,67825,"Long Term","Mortgage",0,"Other",19974,"No",0
24,63307,"Short Term","None",3,"Education",12573,"No",0
62,45544,"Long Term","Rent",10,"Other",42554,"Yes",1
93,49922,"Long Term","None",12,"Debt Consolidation",28116,"No",1
42,58713,"Short Term","Mortgage",33,"Other",27174,"Yes",0
108,54045,"Short Term","Rent",30,"Recreational",42547,"No",1
30,139748,"Long Term","Mortgage",7,"Recreational",23216,"Yes",0
101,115451,"Short Term","Mortgage",30,"Business",20348,"Yes",1
27,116465,"Long Term","Own",19,"Recreational",10377,"Yes",0
58,106119,"Short Term","Rent",4,"Other",11360,"Yes",0
29,49162,"Short Term","Own",5,"Business",10721,"Yes",0
25,116507,"Long Term","Mortgage",36,"Education",19349,"Yes",0
88,86213,"Long Term","Mortgage",3,"Other",47937,"No",1
32,91182,"Short Term","Own",15,"Business",25996,"Yes",1
100,50874,"Short Term","None",20,"Debt Consolidation",17360,"No",1
66,111448,"Short Term","Rent",25,"Business",25069,"Yes",1
56,93066,"Long Term","None",25,"Education",45005,"Yes",0
104,87057,"Short Term","None",33,"Debt Consolidation",20061,"No",0
52,43693,"Short Term","Mortgage",14,"Recreational",21018,"No",0
23,134247,"Short Term","None",13,"Other",25626,"No",1
88,83039,"Short Term","Own",11,"Debt Consolidation",42152,"No",0
21,117298,"Long Term","Rent",15,"Debt Consolidation",14099,"Yes",1
91,81099,"Long Term","None",28,"Recreational",15155,"Yes",1
98,120472,"Long Term","Rent",17,"Business",45513,"Yes",0
65,55781,"Short Term","Own",12,"Business",3621,"No",0
25,61113,"Long Term","Mortgage",15,"Recreational",7112,"No",1
70,32582,"Long Term","Rent",20,"Debt Consolidation",36952,"Yes",1
84,51416,"Short Term","Own",0,"Recreational",18434,"Yes",0
70,73620,"Short Term","None",37,"Debt Consolidation",42448,"No",1
31,100393,"Long Term","Own",13,"Recreational",40707,"Yes",1
45,110038,"Short Term","Mortgage",29,"Business",42556,"Yes",1
23,93762,"Long Term","Mortgage",31,"Education",32117,"No",0
26,61842,"Short Term","Own",23,"Other",11687,"No",0
50,63549,"Long Term","Mortgage",6,"Education",30431,"Yes",0
63,68602,"Short Term","None",1,"Business",6239,"No",0
81,92828,"Long Term","Mortgage",4,"Other",18958,"No",1
36,55566,"Long Term","Mortgage",27,"Education",23945,"No",1
18,96845,"Short Term","Own",18,"Business",10226,"No",0
109,118293,"Short Term","Rent",13,"Debt Consolidation",48541,"Yes",0
69,145193,"Short Term","Rent",33,"Recreational",40067,"No",1
85,40139,"Short Term","None",25,"Education",17251,"Yes",0
107,135554,"Long Term","Rent",8,"Recreational",16295,"Yes",0
92,34858,"Long Term","Mortgage",29,"Debt Consolidation",8278,"No",1
22,106254,"Long Term","Mortgage",26,"Other",45703,"Yes",0
36,129416,"Short Term","None",15,"Recreational",10807,"No",1
52,36287,"Short Term","Mortgage",0,"Other",24575,"No",1
50,22902,"Short Term","Own",12,"Debt Consolidation",10864,"Yes",1
86,144327,"Short Term","Rent",38,"Debt Consolidation",36550,"No",1
78,61989,"Short Term","Mortgage",0,"Business",32814,"No",0
40,38332,"Long Term","Own",11,"Recreational",7213,"No",1
58,21512,"Long Term","None",16,"Business",19534,"No",1
106,83663,"Long Term","Rent",23,"Other",44566,"Yes",1
80,58153,"Short Term","Mortgage",38,"Education",46510,"Yes",1
66,138114,"Long Term","Mortgage",35,"Education",33338,"Yes",0
102,78302,"Short Term","None",2,"Education",18690,"Yes",0
86,35820,"Short Term","Own",23,"Recreational",31419,"No",0
81,109307,"Short Term","None",38,"Other",49195,"No",1
93,22757,"Short Term","Rent",6,"Debt Consolidation",31930,"No",1
19,35118,"Short Term","Mortgage",40,"Recreational",17345,"No",0
35,133584,"Short Term","Rent",7,"Business",39267,"No",0
21,45272,"Long Term","Own",17,"Education",15098,"No",0
104,112745,"Short Term","None",5,"Recreational",9930,"Yes",1
89,115367,"Long Term","Mortgage",25,"Business",23540,"No",1
82,87579,"Short Term","Mortgage",30,"Other",13682,"No",0
92,72355,"Long Term","None",0,"Education",1822,"No",0
28,90414,"Long Term","Own",12,"Recreational",20469,"No",0
96,47354,"Long Term","Mortgage",5,"Recreational",9980,"Yes",0
96,107194,"Long Term","Rent",9,"Education",36337,"No",0
74,47098,"Short Term","Own",35,"Education",23799,"No",1
73,80807,"Short Term","Rent",35,"Recreational",49881,"Yes",1
32,38367,"Short Term","Mortgage",27,"Education",17242,"Yes",0
96,34207,"Short Term","Rent",19,"Education",27090,"No",0
69,24213,"Short Term","Mortgage",26,"Debt Consolidation",32581,"No",0
78,99312,"Long Term","None",23,"Education",36830,"Yes",0
106,93516,"Long Term","None",25,"Other",31715,"Yes",1
53,128681,"Short Term","Own",0,"Debt Consolidation",10318,"No",0
20,32718,"Short Term","Own",4,"Debt Consolidation",16739,"Yes",1
24,126132,"Short Term","Rent",16,"Debt Consolidation",13232,"No",0
85,48953,"Long Term","Mortgage",33,"Business",6178,"No",0
70,24970,"Short Term","Mortgage",5,"Other",45457,"No",1
41,34063,"Long Term","Own",19,"Education",13042,"No",1
85,138748,"Long Term","None",36,"Debt Consolidation",22124,"No",0
84,73527,"Long Term","None",16,"Debt Consolidation",37285,"No",1
28,149600,"Short Term","Own",17,"Business",24046,"No",0
91,52674,"Short Term","Mortgage",12,"Debt Consolidation",27927,"No",0
110,89949,"Short Term","Mortgage",28,"Education",37221,"No",1
104,100027,"Short Term","None",35,"Recreational",11722,"No",0
22,128694,"Long Term","Mortgage",22,"Other",1133,"Yes",0
105,83654,"Short Term","Own",1,"Education",32221,"No",1
49,55638,"Short Term","Mortgage",25,"Education",47265,"Yes",1
106,142744,"Short Term","Own",11,"Education",6283,"No",0
28,136574,"Long Term","None",5,"Education",28401,"No",0
91,93491,"Long Term","Rent",0,"Recreational",2192,"No",1
96,48315,"Long Term","Rent",36,"Recreational",46004,"Yes",0
77,79250,"Long Term","Rent",28,"Debt Consolidation",36439,"Yes",0
48,73052,"Long Term","Rent",39,"Debt Consolidation",12692,"Yes",0
91,130008,"Long Term","Own",21,"Business",32617,"No",1
62,130320,"Long Term","Own",36,"Business",38849,"No",1
76,40419,"Short Term","Rent",35,"Recreational",35498,"Yes",1
41,91664,"Short Term","Rent",39,"Other",45519,"Yes",0
52,144676,"Long Term","Rent",14,"Recreational",45793,"No",0
27,25096,"Short Term","Rent",36,"Education",33094,"Yes",1
81,96932,"Short Term","Rent",35,"Education",2832,"No",0
89,133725,"Short Term","Mortgage",18,"Debt Consolidation",36488,"Yes",1
61,92315,"Short Term","Rent",0,"Other",5185,"Yes",0
59,104575,"Long Term","Mortgage",24,"Debt Consolidation",10415,"No",1
49,27762,"Long Term","None",14,"Other",21173,"No",0
56,133546,"Long Term","Mortgage",15,"Other",12157,"No",0
24,64060,"Long Term","Rent",16,"Education",47904,"No",0
55,63479,"Short Term","Mortgage",40,"Business",8126,"No",1
34,63969,"Long Term","None",28,"Education",6306,"Yes",1
101,66617,"Short Term","Own",14,"Other",46727,"Yes",0
50,68411,"Short Term","Own",26,"Education",35999,"No",1
91,21605,"Short Term","None",10,"Business",13398,"No",0
91,114427,"Short Term","None",22,"Business",42629,"No",0
19,121238,"Long Term","Own",15,"Debt Consolidation",29689,"No",0
96,70179,"Long Term","None",10,"Business",33116,"Yes",1
104,93237,"Long Term","Own",12,"Other",39493,"Yes",0
83,40229,"Long Term","Own",19,"Debt Consolidation",23095,"No",1
87,29272,"Short Term","Own",18,"Business",17487,"No",1
76,76020,"Short Term","Rent",26,"Recreational",26449,"No",1
64,78953,"Short Term","Mortgage",23,"Other",2130,"Yes",1
26,71416,"Short Term","Own",39,"Debt Consolidation",39468,"Yes",1
40,92795,"Long Term","None",13,"Debt Consolidation",46957,"Yes",1
42,64194,"Long Term","Own",32,"Debt Consolidation",33475,"No",1
32,142881,"Short Term","Rent",32,"Education",2650,"Yes",1
103,122674,"Short Term","Own",40,"Business",20947,"No",0
89,104256,"Short Term","Rent",16,"Debt Consolidation",19644,"Yes",1
110,29090,"Short Term","Mortgage",9,"Debt Consolidation",49033,"Yes",1
38,36575,"Long Term","Own",23,"Debt Consolidation",26251,"Yes",0
65,135516,"Long Term","Mortgage",37,"Debt Consolidation",25012,"No",1
90,41823,"Long Term","Mortgage",24,"Recreational",19646,"Yes",1
60,124204,"Short Term","Own",10,"Debt Consolidation",44187,"No",1
73,79135,"Short Term","None",39,"Business",14214,"No",1
92,67086,"Long Term","Mortgage",17,"Business",42868,"No",1
21,145424,"Short Term","Mortgage",15,"Education",30042,"Yes",0
88,22910,"Short Term","None",30,"Business",16237,"Yes",1
73,45524,"Long Term","Rent",8,"Other",11252,"No",1
67,120004,"Short Term","Mortgage",5,"Debt Consolidation",1431,"No",0
28,132627,"Long Term","None",15,"Debt Consolidation",48072,"No",1
92,93476,"Short Term","Own",40,"Debt Consolidation",24920,"Yes",1
77,137304,"Long Term","Own",35,"Debt Consolidation",18781,"Yes",0
102,126215,"Long Term","None",10,"Business",32983,"No",1
91,59586,"Long Term","Rent",1,"Recreational",38798,"Yes",1
84,65511,"Short Term","Rent",36,"Education",39875,"Yes",1
75,115268,"Short Term","Own",28,"Recreational",31992,"No",0
57,73913,"Long Term","Own",27,"Business",36293,"No",1
109,134136,"Long Term","None",8,"Education",38451,"No",0
30,48855,"Short Term","Rent",6,"Recreational",42864,"Yes",1
25,141301,"Short Term","Mortgage",27,"Other",16668,"Yes",0
19,60309,"Long Term","Own",8,"Education",27155,"Yes",1
23,134568,"Long Term","None",12,"Debt Consolidation",3786,"No",1
104,38100,"Long Term","Mortgage",0,"Other",28248,"No",0
34,81800,"Short Term","Rent",33,"Recreational",20985,"Yes",0
49,118199,"Long Term","Mortgage",6,"Recreational",32450,"Yes",0
95,72542,"Short Term","Rent",3,"Business",12238,"No",0
88,50154,"Short Term","None",9,"Other",20475,"No",1
94,111087,"Long Term","Rent",40,"Recreational",25044,"Yes",0
89,136890,"Short Term","Mortgage",2,"Debt Consolidation",10109,"No",0
92,89240,"Short Term","Mortgage",38,"Recreational",39921,"No",1
34,64813,"Long Term","Rent",24,"Recreational",45064,"No",0
88,62798,"Short Term","Mortgage",17,"Education",4786,"Yes",1
72,85766,"Long Term","Mortgage",29,"Other",8205,"Yes",1
36,62185,"Short Term","Mortgage",6,"Business",20190,"No",1
32,20987,"Short Term","Own",5,"Debt Consolidation",24268,"No",0
63,68844,"Long Term","Own",15,"Other",46297,"Yes",1
31,106831,"Long Term","Rent",1,"Business",29115,"No",0
107,35961,"Long Term","Rent",26,"Business",16778,"No",1
44,52589,"Short Term","Mortgage",4,"Other",48552,"Yes",1
98,145510,"Long Term","None",6,"Education",33133,"Yes",1
50,37210,"Short Term","None",26,"Recreational",37639,"Yes",1
67,132172,"Long Term","Own",24,"Education",18530,"Yes",1
35,61517,"Short Term","Mortgage",19,"Debt Consolidation",48284,"No",0
37,27805,"Short Term","Rent",13,"Debt Consolidation",11460,"Yes",0
108,22676,"Short Term","Own",0,"Recreational",4943,"Yes",0
59,21517,"Long Term","Own",7,"Education",35610,"No",1
91,132019,"Short Term","None",37,"Education",20161,"Yes",0
70,117395,"Long Term","None",40,"Other",31924,"Yes",0
80,83431,"Short Term","Mortgage",0,"Education",21664,"No",1
90,66983,"Short Term","Own",7,"Business",6831,"Yes",0
48,72576,"Short Term","None",18,"Education",25090,"Yes",1
100,79569,"Long Term","Rent",11,"Recreational",46172,"No",1
72,40203,"Short Term","Mortgage",36,"Business",11116,"No",1
35,65548,"Short Term","Mortgage",9,"Education",34299,"Yes",1
61,138457,"Short Term","Mortgage",13,"Other",23725,"No",1
109,79936,"Short Term","Own",31,"Other",4787,"No",0
38,70932,"Long Term","Mortgage",11,"Business",10267,"Yes",0
46,63461,"Short Term","Mortgage",31,"Debt Consolidation",8873,"Yes",1
53,98160,"Long Term","Mortgage",36,"Recreational",3382,"No",1
101,135813,"Long Term","Mortgage",9,"Debt Consolidation",39861,"No",1
40,130857,"Short Term","None",8,"Debt Consolidation",38006,"No",0
59,68302,"Long Term","None",29,"Business",2702,"No",1
86,63521,"Long Term","Mortgage",18,"Business",23178,"No",0
83,113062,"Long Term","Mortgage",35,"Business",9758,"Yes",0
99,116296,"Short Term","Mortgage",31,"Other",37838,"No",0
93,69418,"Long Term","Own",22,"Recreational",43401,"No",1
79,122769,"Long Term","None",7,"Debt Consolidation",31620,"No",1
81,98855,"Long Term","Own",8,"Business",24544,"No",0
94,110822,"Short Term","None",18,"Debt Consolidation",34993,"Yes",1
68,26131,"Short Term","Mortgage",6,"Business",43807,"No",0
35,30929,"Long Term","Own",20,"Recreational",35089,"No",0
27,114536,"Short Term","Mortgage",19,"Business",11368,"No",1
90,87900,"Short Term","None",19,"Debt Consolidation",40832,"No",1
110,22991,"Short Term","Rent",37,"Recreational",3283,"No",0
103,76681,"Short Term","Own",7,"Other",45569,"No",0
100,38487,"Short Term","None",9,"Debt Consolidation",1575,"No",1
89,22099,"Long Term","Rent",37,"Debt Consolidation",26412,"Yes",0
19,49823,"Long Term","Mortgage",29,"Education",35822,"No",1
60,79425,"Short Term","Mortgage",20,"Debt Consolidation",46435,"Yes",1
22,68896,"Long Term","None",27,"Business",19083,"No",1
102,63943,"Long Term","Mortgage",26,"Business",19782,"Yes",1
44,77785,"Long Term","Own",37,"Recreational",35028,"No",0
40,34431,"Short Term","Mortgage",20,"Business",19599,"No",1
20,135815,"Long Term","Mortgage",7,"Business",45768,"Yes",0
32,38256,"Long Term","Mortgage",16,"Business",47317,"No",1
75,52787,"Short Term","None",25,"Business",8213,"No",1
24,84657,"Long Term","Own",39,"Education",25462,"No",0
51,74646,"Long Term","None",26,"Debt Consolidation",20953,"Yes",1
48,136572,"Long Term","Mortgage",11,"Other",18423,"Yes",1
99,28772,"Long Term","Own",15,"Recreational",7986,"No",1
35,99682,"Long Term","Rent",15,"Other",23482,"Yes",0
63,94523,"Short Term","Mortgage",29,"Education",17748,"Yes",0
26,58332,"Long Term","Mortgage",32,"Business",5337,"No",1
96,73343,"Long Term","Rent",23,"Debt Consolidation",27060,"Yes",1
34,75433,"Long Term","None",6,"Other",39162,"Yes",0
24,142024,"Long Term","Rent",34,"Business",17439,"No",1
25,48521,"Long Term","Mortgage",3,"Recreational",31163,"No",1
82,99025,"Short Term","None",12,"Education",44971,"Yes",1
26,44859,"Long Term","Mortgage",13,"Education",39245,"No",1
42,97562,"Short Term","Mortgage",30,"Debt Consolidation",20024,"Yes",0
19,133684,"Long Term","Mortgage",18,"Recreational",14433,"No",0
28,76932,"Long Term","None",0,"Debt Consolidation",43669,"Yes",0
85,149977,"Short Term","Mortgage",30,"Business",29107,"No",0
57,62130,"Long Term","Mortgage",5,"Debt Consolidation",10716,"No",0
37,32507,"Long Term","Mortgage",23,"Recreational",1629,"No",1
28,141057,"Short Term","None",34,"Education",10136,"No",1
35,139092,"Short Term","Own",34,"Education",17101,"Yes",1
71,112133,"Long Term","Own",0,"Recreational",38456,"Yes",0
31,23908,"Long Term","Own",17,"Education",41895,"Yes",0
84,136442,"Short Term","None",8,"Debt Consolidation",35011,"Yes",0
109,77054,"Long Term","Own",13,"Business",15370,"Yes",0
84,45162,"Long Term","Mortgage",14,"Business",46417,"No",1
109,66144,"Long Term","Mortgage",12,"Business",14036,"Yes",1
110,45645,"Long Term","Own",24,"Education",12424,"Yes",0
56,134850,"Short Term","Own",30,"Other",8244,"Yes",0
40,49708,"Short Term","Mortgage",16,"Other",10314,"No",0
96,109467,"Long Term","Mortgage",29,"Business",20533,"Yes",1
104,121216,"Short Term","Mortgage",40,"Debt Consolidation",12015,"Yes",1
105,45456,"Long Term","Rent",40,"Business",46073,"No",0
57,103706,"Short Term","Own",39,"Debt Consolidation",19625,"Yes",0
50,44643,"Long Term","Mortgage",39,"Debt Consolidation",36990,"No",1
54,118090,"Short Term","Mortgage",30,"Debt Consolidation",23362,"Yes",1
77,123690,"Long Term","Mortgage",18,"Debt Consolidation",35535,"Yes",0
46,146962,"Short Term","Mortgage",17,"Recreational",34013,"No",0
87,25716,"Short Term","None",31,"Other",39774,"Yes",0
42,47583,"Short Term","Mortgage",11,"Education",16453,"Yes",0
59,133780,"Long Term","Rent",10,"Other",49749,"Yes",0
43,82977,"Long Term","Own",0,"Education",3932,"No",1
105,63578,"Long Term","Mortgage",39,"Education",46677,"No",0
61,52408,"Long Term","Own",17,"Business",33880,"Yes",1
25,44851,"Long Term","Rent",34,"Education",47870,"Yes",1
33,128834,"Short Term","Own",16,"Other",48292,"Yes",0
56,140499,"Long Term","None",38,"Business",6673,"Yes",0
82,47987,"Short Term","Mortgage",14,"Other",37568,"Yes",0
75,57030,"Short Term","None",20,"Business",26324,"Yes",0
106,123931,"Long Term","Own",25,"Debt Consolidation",20665,"Yes",0
73,70271,"Long Term","Rent",20,"Other",17443,"Yes",1
60,142342,"Short Term","Mortgage",38,"Debt Consolidation",6730,"Yes",1
84,59972,"Long Term","Rent",8,"Recreational",28593,"Yes",1
73,116314,"Long Term","Rent",24,"Debt Consolidation",47133,"No",1
39,145726,"Short Term","Own",23,"Recreational",15577,"Yes",1
34,122586,"Long Term","Rent",29,"Education",6341,"Yes",0
101,81780,"Long Term","None",15,"Recreational",32110,"No",1
31,116686,"Short Term","Rent",25,"Education",38712,"No",0
81,133401,"Long Term","Mortgage",0,"Other",31937,"No",1
41,24000,"Short Term","Mortgage",25,"Education",45054,"No",1
25,49835,"Long Term","None",3,"Other",5345,"No",0
37,117734,"Long Term","Mortgage",38,"Other",4011,"No",0
91,100224,"Short Term","Own",29,"Other",41662,"No",1
103,29838,"Short Term","None",37,"Debt Consolidation",27570,"No",1
67,139830,"Short Term","Rent",3,"Business",4186,"Yes",1
34,139254,"Short Term","Own",0,"Recreational",23069,"No",1
26,26358,"Short Term","Mortgage",5,"Other",12972,"No",1
52,63539,"Long Term","Mortgage",20,"Education",9774,"Yes",1
102,94249,"Long Term","Own",0,"Recreational",14762,"Yes",0
80,29608,"Long Term","Rent",23,"Education",10270,"Yes",1
74,65898,"Long Term","Mortgage",36,"Business",3498,"Yes",1
33,36144,"Short Term","Rent",32,"Debt Consolidation",35800,"No",0
69,140570,"Long Term","Mortgage",12,"Education",29947,"No",1
107,53774,"Short Term","None",35,"Debt Consolidation",3433,"Yes",0
52,131678,"Short Term","Rent",38,"Debt Consolidation",38280,"Yes",1
71,105214,"Long Term","Rent",13,"Other",29647,"No",0
43,28180,"Long Term","None",39,"Recreational",37195,"No",0
30,73728,"Long Term","None",25,"Education",11221,"Yes",1
53,124470,"Long Term","Mortgage",13,"Business",41401,"Yes",1
64,46576,"Short Term","Mortgage",9,"Business",30473,"No",0
42,120112,"Long Term","None",39,"Recreational",39936,"No",0
45,145014,"Short Term","Rent",3,"Debt Consolidation",6294,"No",0
46,35894,"Long Term","Mortgage",18,"Recreational",49104,"No",1
94,100399,"Long Term","None",1,"Recreational",26918,"No",0
61,103083,"Long Term","Rent",8,"Other",16714,"Yes",1
71,23701,"Short Term","Own",0,"Debt Consolidation",1434,"No",1
102,137557,"Long Term","None",11,"Debt Consolidation",25688,"Yes",0
42,57766,"Long Term","None",18,"Education",31838,"No",1
46,123682,"Long Term","Rent",40,"Recreational",30123,"Yes",1
37,51635,"Short Term","Mortgage",7,"Other",34645,"No",0
110,105522,"Short Term","None",15,"Other",8040,"No",0
30,33443,"Short Term","Own",15,"Education",35683,"No",0
94,138151,"Short Term","None",22,"Education",25344,"No",0
52,90576,"Long Term","None",19,"Debt Consolidation",46376,"Yes",0
72,129454,"Short Term","None",36,"Debt Consolidation",2751,"Yes",1
22,34024,"Long Term","Rent",35,"Education",7749,"Yes",0
73,60052,"Short Term","Own",28,"Education",34376,"No",1
94,35036,"Short Term","Rent",2,"Recreational",30109,"Yes",0
104,105220,"Long Term","None",5,"Education",28076,"No",1
109,83018,"Short Term","Mortgage",19,"Education",26555,"No",0
61,69022,"Long Term","Mortgage",31,"Other",26169,"No",0
89,21047,"Short Term","Own",10,"Education",11474,"Yes",1
55,121600,"Long Term","None",9,"Other",19144,"No",1
41,106881,"Long Term","Rent",5,"Business",17190,"Yes",0
97,93914,"Short Term","Own",18,"Recreational",6927,"Yes",0
92,123748,"Short Term","Own",31,"Education",14092,"No",0
104,56156,"Short Term","Own",13,"Recreational",41854,"No",1
108,44331,"Long Term","Own",13,"Recreational",35531,"No",0
65,83945,"Short Term","Rent",18,"Education",31886,"Yes",1
32,20803,"Short Term","None",24,"Education",33945,"Yes",0
82,137902,"Long Term","None",14,"Other",44363,"Yes",1
71,110851,"Long Term","Mortgage",40,"Other",15198,"No",0
27,134311,"Short Term","Rent",24,"Other",27336,"Yes",1
103,106829,"Long Term","None",36,"Other",41906,"No",1
59,38107,"Long Term","None",6,"Business",35666,"Yes",0
58,88393,"Long Term","None",20,"Education",8170,"No",0
42,112867,"Long Term","Own",17,"Debt Consolidation",30584,"No",0
69,85103,"Long Term","Rent",25,"Education",29088,"No",0
54,74974,"Short Term","Mortgage",34,"Business",36082,"Yes",1
44,147997,"Long Term","None",33,"Debt Consolidation",7022,"No",0
90,73732,"Long Term","Mortgage",38,"Other",22305,"Yes",1
100,142797,"Long Term","Mortgage",22,"Education",14943,"Yes",0
52,139059,"Long Term","Own",7,"Recreational",41494,"No",1
51,64744,"Short Term","Rent",10,"Debt Consolidation",23340,"No",0
80,103892,"Long Term","None",9,"Business",20519,"Yes",1
104,105002,"Long Term","Rent",3,"Business",33563,"Yes",0
93,23585,"Short Term","Rent",38,"Education",2564,"Yes",1
96,52615,"Long Term","Mortgage",0,"Business",39297,"No",1
66,73462,"Long Term","None",26,"Education",8196,"No",0
52,75636,"Long Term","None",31,"Debt Consolidation",38836,"No",0
46,120787,"Short Term","Mortgage",20,"Debt Consolidation",39430,"No",1
88,104670,"Long Term","Mortgage",14,"Debt Consolidation",28210,"No",1
110,85503,"Long Term","Rent",12,"Education",34626,"No",1
62,70419,"Short Term","Own",28,"Other",43660,"Yes",0
51,80442,"Long Term","Rent",30,"Other",10276,"No",0
90,109640,"Long Term","Own",4,"Other",14521,"No",1
64,117311,"Long Term","Rent",14,"Business",1904,"Yes",0
18,129651,"Long Term","Own",24,"Business",48667,"Yes",1
27,148003,"Long Term","Mortgage",0,"Business",25358,"Yes",1
58,44754,"Short Term","None",28,"Other",42550,"No",0
58,138183,"Short Term","None",36,"Other",39693,"Yes",1
56,86721,"Long Term","Rent",2,"Education",17855,"No",1
104,105589,"Long Term","Rent",12,"Debt Consolidation",31187,"Yes",0
23,26434,"Short Term","Rent",31,"Recreational",22474,"Yes",1
49,142370,"Long Term","Rent",23,"Debt Consolidation",41673,"No",0
78,48487,"Long Term","Rent",4,"Debt Consolidation",35067,"Yes",1
97,42815,"Long Term","Own",16,"Other",2013,"Yes",0
107,79933,"Long Term","None",22,"Recreational",6672,"Yes",0
33,76875,"Short Term","Mortgage",2,"Education",11092,"Yes",0
19,32097,"Long Term","Mortgage",15,"Other",14689,"Yes",1
51,129158,"Long Term","Rent",31,"Education",21463,"Yes",0
95,27185,"Long Term","None",40,"Recreational",45337,"Yes",0
47,106322,"Long Term","None",26,"Other",16765,"No",1
45,147599,"Long Term","Mortgage",30,"Recreational",1437,"No",0
102,80718,"Long Term","Mortgage",11,"Education",1217,"Yes",1
104,76773,"Short Term","Mortgage",40,"Education",36302,"No",1
75,104150,"Long Term","Rent",2,"Other",38551,"No",0
47,87499,"Long Term","Mortgage",11,"Other",34785,"Yes",1
106,27854,"Short Term","Mortgage",8,"Debt Consolidation",43232,"No",0
56,139904,"Short Term","Rent",16,"Recreational",29059,"Yes",0
87,110812,"Short Term","Mortgage",37,"Education",15197,"No",1
85,86537,"Long Term","Mortgage",40,"Education",37340,"Yes",1
84,113618,"Short Term","None",23,"Other",24865,"No",0
63,145879,"Long Term","Own",25,"Education",32879,"No",1
76,134035,"Long Term","Rent",0,"Business",19678,"No",1
65,99019,"Short Term","Rent",10,"Debt Consolidation",22956,"Yes",1
27,89537,"Short Term","None",22,"Education",15327,"No",0
45,98921,"Long Term","None",19,"Other",17661,"Yes",1
93,119206,"Short Term","Mortgage",2,"Business",42204,"Yes",1
84,73264,"Long Term","Mortgage",6,"Recreational",2611,"Yes",1
18,87252,"Short Term","Rent",21,"Recreational",35613,"No",0
61,75502,"Short Term","Own",37,"Education",48513,"Yes",0
66,52910,"Short Term","Own",4,"Debt Consolidation",44614,"No",1
50,66896,"Long Term","Rent",19,"Other",45704,"Yes",1
53,23220,"Long Term","None",17,"Recreational",42964,"No",0
30,102083,"Long Term","Own",29,"Education",18048,"Yes",1
96,106965,"Short Term","Own",29,"Other",39668,"Yes",1
94,141355,"Long Term","Mortgage",22,"Education",23069,"No",1
63,75578,"Long Term","Mortgage",30,"Recreational",38875,"Yes",1
35,63794,"Short Term","None",38,"Other",10148,"No",1
67,147511,"Long Term","Own",37,"Other",1359,"Yes",1
43,105402,"Long Term","Own",37,"Debt Consolidation",32450,"Yes",0
53,140871,"Long Term","Own",40,"Other",9293,"Yes",1
53,51828,"Long Term","Own",8,"Education",1318,"Yes",0
73,102069,"Short Term","Rent",37,"Debt Consolidation",22106,"No",1
74,139412,"Short Term","Rent",6,"Other",4646,"Yes",0
20,80055,"Long Term","Mortgage",29,"Debt Consolidation",33452,"Yes",0
106,73090,"Long Term","None",7,"Other",18111,"Yes",1
28,40003,"Long Term","Mortgage",20,"Debt Consolidation",19604,"No",1
68,40922,"Short Term","Own",1,"Education",4202,"No",1
47,145557,"Short Term","Own",28,"Recreational",22453,"No",1
33,127340,"Long Term","None",23,"Education",46216,"No",0
28,137742,"Short Term","None",27,"Other",7665,"No",0
83,44079,"Long Term","None",26,"Recreational",27442,"No",0
39,144279,"Long Term","Own",29,"Education",3907,"Yes",0
34,99254,"Short Term","Mortgage",24,"Debt Consolidation",47780,"No",0
22,133647,"Long Term","Mortgage",9,"Debt Consolidation",9285,"No",1
96,33560,"Short Term","Mortgage",36,"Debt Consolidation",1534,"Yes",1
